programId,student,response,question
1,tylerharris352,"The opportunity to learn in a different environment is invaluable.",WHY_THIS_PROGRAM
1,tylerharris352,"I bring a collaborative spirit and a unique cultural perspective.",ALIGN_WITH_CAREER
1,tylerharris352,"This program supports my career aspirations in global business.",ANTICIPATED_CHALLENGES
1,tylerharris352,"I want to explore new cultures and enhance my academic knowledge.",ADAPTED_TO_ENVIRONMENT
1,tylerharris352,"I adapted to a new job environment by quickly learning the workflows and collaborating effectively.",UNIQUE_PERSPECTIVE
7,tylerharris352,"I anticipate communication barriers but will overcome them through active learning and collaboration.",WHY_THIS_PROGRAM
7,tylerharris352,"I anticipate communication barriers but will overcome them through active learning and collaboration.",ALIGN_WITH_CAREER
7,tylerharris352,"I adapted to a new job environment by quickly learning the workflows and collaborating effectively.",ANTICIPATED_CHALLENGES
7,tylerharris352,"I am excited to network with peers and professionals in this field.",ADAPTED_TO_ENVIRONMENT
7,tylerharris352,"I adapted to a new job environment by quickly learning the workflows and collaborating effectively.",UNIQUE_PERSPECTIVE
1,davidclark074,"This program provides hands-on experience crucial for my future career.",WHY_THIS_PROGRAM
1,davidclark074,"This program provides hands-on experience crucial for my future career.",ALIGN_WITH_CAREER
1,davidclark074,"This program aligns with my passion for international relations and global studies.",ANTICIPATED_CHALLENGES
1,davidclark074,"I anticipate communication barriers but will overcome them through active learning and collaboration.",ADAPTED_TO_ENVIRONMENT
1,davidclark074,"I am excited to network with peers and professionals in this field.",UNIQUE_PERSPECTIVE
2,elizabethjohnson303,"I am excited to network with peers and professionals in this field.",WHY_THIS_PROGRAM
2,elizabethjohnson303,"This program provides hands-on experience crucial for my future career.",ALIGN_WITH_CAREER
2,elizabethjohnson303,"I want to explore new cultures and enhance my academic knowledge.",ANTICIPATED_CHALLENGES
2,elizabethjohnson303,"This program provides hands-on experience crucial for my future career.",ADAPTED_TO_ENVIRONMENT
2,elizabethjohnson303,"This program aligns with my passion for international relations and global studies.",UNIQUE_PERSPECTIVE
1,jamestaylor121,"I seek to improve my language skills and immerse myself in the local culture.",WHY_THIS_PROGRAM
1,jamestaylor121,"I seek to improve my language skills and immerse myself in the local culture.",ALIGN_WITH_CAREER
1,jamestaylor121,"I adapted to a new job environment by quickly learning the workflows and collaborating effectively.",ANTICIPATED_CHALLENGES
1,jamestaylor121,"I anticipate communication barriers but will overcome them through active learning and collaboration.",ADAPTED_TO_ENVIRONMENT
1,jamestaylor121,"I bring a collaborative spirit and a unique cultural perspective.",UNIQUE_PERSPECTIVE
1,emilyharris658,"I bring a collaborative spirit and a unique cultural perspective.",WHY_THIS_PROGRAM
1,emilyharris658,"I seek to improve my language skills and immerse myself in the local culture.",ALIGN_WITH_CAREER
1,emilyharris658,"This program supports my career aspirations in global business.",ANTICIPATED_CHALLENGES
1,emilyharris658,"I anticipate communication barriers but will overcome them through active learning and collaboration.",ADAPTED_TO_ENVIRONMENT
1,emilyharris658,"This program aligns with my passion for international relations and global studies.",UNIQUE_PERSPECTIVE
3,elizabethlewis588,"The opportunity to learn in a different environment is invaluable.",WHY_THIS_PROGRAM
3,elizabethlewis588,"I bring a collaborative spirit and a unique cultural perspective.",ALIGN_WITH_CAREER
3,elizabethlewis588,"This program aligns with my passion for international relations and global studies.",ANTICIPATED_CHALLENGES
3,elizabethlewis588,"The opportunity to learn in a different environment is invaluable.",ADAPTED_TO_ENVIRONMENT
3,elizabethlewis588,"This program provides hands-on experience crucial for my future career.",UNIQUE_PERSPECTIVE
3,jessicasmith684,"I adapted to a new job environment by quickly learning the workflows and collaborating effectively.",WHY_THIS_PROGRAM
3,jessicasmith684,"I adapted to a new job environment by quickly learning the workflows and collaborating effectively.",ALIGN_WITH_CAREER
3,jessicasmith684,"This program provides hands-on experience crucial for my future career.",ANTICIPATED_CHALLENGES
3,jessicasmith684,"I adapted to a new job environment by quickly learning the workflows and collaborating effectively.",ADAPTED_TO_ENVIRONMENT
3,jessicasmith684,"This program provides hands-on experience crucial for my future career.",UNIQUE_PERSPECTIVE
2,jessicasmith684,"I want to explore new cultures and enhance my academic knowledge.",WHY_THIS_PROGRAM
2,jessicasmith684,"The opportunity to learn in a different environment is invaluable.",ALIGN_WITH_CAREER
2,jessicasmith684,"This program supports my career aspirations in global business.",ANTICIPATED_CHALLENGES
2,jessicasmith684,"I bring a collaborative spirit and a unique cultural perspective.",ADAPTED_TO_ENVIRONMENT
2,jessicasmith684,"The opportunity to learn in a different environment is invaluable.",UNIQUE_PERSPECTIVE
2,jessicasmith610,"The opportunity to learn in a different environment is invaluable.",WHY_THIS_PROGRAM
2,jessicasmith610,"The opportunity to learn in a different environment is invaluable.",ALIGN_WITH_CAREER
2,jessicasmith610,"This program supports my career aspirations in global business.",ANTICIPATED_CHALLENGES
2,jessicasmith610,"I want to explore new cultures and enhance my academic knowledge.",ADAPTED_TO_ENVIRONMENT
2,jessicasmith610,"I am excited to network with peers and professionals in this field.",UNIQUE_PERSPECTIVE
